{"N": 200, "local_var": [0.05010122362655337, 0.05010021935055692, 0.050099244551357, 0.05009829823127861, 0.05009737917925909, 0.050096486504441415, 0.050095619111678966, 0.05009477620347782, 0.05009395678695861, 0.05009316014649852, 0.050092385379754564, 0.05009163184312082, 0.05009089871466164, 0.05009018541430779, 0.05008949119176029, 0.050088815523163036, 0.050088157722226835, 0.05008751731496365, 0.05008689367244484, 0.05008628636503584, 0.050085694815349406, 0.05008511863329711, 0.05008455728792919, 0.050084010424500454, 0.05008347755400578, 0.05008295835335969, 0.05008245237153867, 0.05008195931387926, 0.050081478763833294, 0.05008101045230724, 0.05008055399411974, 0.05008010914322851, 0.0500796755430553, 0.050079252968380526, 0.0500788410887679, 0.050078439697843494, 0.05007804848911572, 0.05007766727330021, 0.05007729576588501, 0.05007693379311096, 0.05007658109068529, 0.05007623749897955, 0.05007590277233905, 0.050075576764020094, 0.05007525924558565, 0.050074950082061406, 0.05007464906094829, 0.050074356058042335, 0.050074070875629116, 0.05007379339937893, 0.05007352344532063, 0.0500732609081984, 0.05007300561684352, 0.050072757474339265, 0.05007251632146597, 0.05007228206899922, 0.05007205456889901, 0.05007183373904642, 0.050071619441881786, 0.05007141160186173, 0.05007121009127531, 0.05007101484067734, 0.050070825731630686, 0.05007064270035773, 0.050070465637176, 0.05007029448358751, 0.05007012913819182, 0.05006996954724682, 0.0500698156172097, 0.050069667299471675, 0.05006952450761323, 0.05006938719735335, 0.050069255289396424, 0.05006912874353441, 0.05006900748727978, 0.050068891484268685, 0.05006878066854025, 0.050068675007370896, 0.0500685744410715, 0.05006847894037666, 0.05006838845164459, 0.05006830294890697, 0.05006822238436753, 0.050068146735213294, 0.0500680759593186, 0.05006801003690198, 0.05006794893135333, 0.05006789262581611, 0.050067841089065174, 0.05006779430707834, 0.05006775225390245, 0.050067714918274366, 0.05006768227942254, 0.05006765432878281, 0.050067631050690745, 0.05006761243923489, 0.05006759848380566, 0.050067589181111635, 0.050067584525560586, 0.050067584516463, 0.050067584516462975, 0.0500675845255606, 0.050067589181111614, 0.05006759848380563, 0.05006761243923489, 0.050067631050690745, 0.050067654328782796, 0.050067682279422564, 0.050067714918274345, 0.05006775225390239, 0.05006779430707836, 0.0500678410890652, 0.0500678926258161, 0.050067948931353336, 0.05006801003690195, 0.05006807595931859, 0.05006814673521333, 0.05006822238436754, 0.050068302948907004, 0.050068388451644574, 0.050068478940376665, 0.05006857444107152, 0.0500686750073709, 0.05006878066854028, 0.05006889148426868, 0.050069007487279736, 0.05006912874353442, 0.05006925528939645, 0.05006938719735334, 0.05006952450761324, 0.05006966729947168, 0.05006981561720973, 0.05006996954724681, 0.05007012913819179, 0.050070294483587546, 0.05007046563717597, 0.050070642700357756, 0.05007082573163069, 0.05007101484067739, 0.05007121009127532, 0.050071411601861716, 0.05007161944188178, 0.0500718337390464, 0.050072054568899, 0.050072282068999184, 0.05007251632146596, 0.05007275747433931, 0.05007300561684351, 0.0500732609081984, 0.05007352344532059, 0.050073793399378924, 0.05007407087562915, 0.05007435605804234, 0.05007464906094818, 0.05007495008206139, 0.05007525924558563, 0.0500755767640201, 0.05007590277233912, 0.05007623749897957, 0.05007658109068531, 0.050076933793110984, 0.05007729576588496, 0.05007766727330026, 0.05007804848911573, 0.05007843969784345, 0.05007884108876789, 0.05007925296838056, 0.05007967554305531, 0.0500801091432285, 0.05008055399411973, 0.05008101045230725, 0.05008147876383329, 0.050081959313879244, 0.05008245237153868, 0.0500829583533597, 0.05008347755400582, 0.05008401042450044, 0.05008455728792916, 0.0500851186332971, 0.05008569481534941, 0.050086286365035856, 0.05008689367244489, 0.05008751731496365, 0.05008815772222678, 0.05008881552316309, 0.050089491191760246, 0.05009018541430777, 0.05009089871466164, 0.05009163184312085, 0.050092385379754543, 0.050093160146498554, 0.05009395678695856, 0.05009477620347786, 0.05009561911167896, 0.050096486504441456, 0.050097379179259084, 0.0500982982312786, 0.05009924455135703, 0.05010021935055692, 0.05010122362655336], "sidon_size": 16, "sidon_set": [0, 3, 6, 24, 29, 34, 48, 62, 125, 147, 182, 186, 190, 197, 198, 199], "max_K": 14652.1, "predicted_scale": 0.00013581670886767084, "var_range": [0.050067584516462975, 0.05010122362655337], "eigval_range": [-14750.316772906952, -0.09999999998581188], "condition_number": 6.779515418237636e-06}