{
  "N": 1024,
  "sidon_size": 30,
  "sidon_set": [
    0,
    1,
    6,
    9,
    12,
    42,
    52,
    68,
    96,
    124,
    179,
    234,
    268,
    328,
    408,
    473,
    649,
    719,
    812,
    835,
    873,
    921,
    942,
    974,
    992,
    999,
    1006,
    1019,
    1021,
    1023
  ],
  "max_K": 391426.1,
  "predicted_scale": 5.083973705381425e-06,
  "var_range": [
    0.009768174892122904,
    0.009769448734546401
  ],
  "eigval_range": [
    -391936.3166883905,
    -0.10000000003002132
  ],
  "condition_number": 2.551434908480973e-07,
  "build_time_s": 67.97109985351562
}