{
  "30": {
    "local_var": [
      0.3381649443649626,
      0.33785946966499386,
      0.3376077508550739,
      0.3373999717474469,
      0.3372265228413163,
      0.33708240336710155,
      0.3369621291838522,
      0.3368629861544379,
      0.33678171045058874,
      0.33671679519691694,
      0.33666628789925135,
      0.3366294002046547,
      0.33660507576470045,
      0.33659300980948703,
      0.3365928199243095,
      0.33659281992430967,
      0.3365930098094871,
      0.3366050757647004,
      0.3366294002046547,
      0.3366662878992513,
      0.33671679519691694,
      0.33678171045058886,
      0.3368629861544379,
      0.33696212918385227,
      0.33708240336710144,
      0.33722652284131643,
      0.33739997174744707,
      0.33760775085507366,
      0.33785946966499397,
      0.33816494436496247
    ],
    "sidon_var": [
      0,
      2,
      10,
      22,
      25,
      28,
      29
    ],
    "sidon_greedy": [
      0,
      1,
      2,
      4,
      7,
      12,
      20,
      29
    ],
    "predicted_scale": 0.006931382793451758
  },
  "50": {
    "local_var": [
      0.20168104257567537,
      0.20161589457435977,
      0.20155795118736344,
      0.20150634357041217,
      0.20146013606980043,
      0.20141875996870715,
      0.20138156294368792,
      0.20134816111845646,
      0.20131808703541096,
      0.2012910754144142,
      0.2012667846844546,
      0.20124502837001296,
      0.20122555378806284,
      0.20120822863169616,
      0.2011928654556687,
      0.20117937023759125,
      0.20116760492000058,
      0.20115750279214065,
      0.20114896489161826,
      0.2011419484065912,
      0.2011363849275844,
      0.20113224886722475,
      0.20112949969912702,
      0.20112812658596266,
      0.20112811447694615,
      0.20112811447694623,
      0.2011281265859627,
      0.20112949969912705,
      0.20113224886722483,
      0.20113638492758434,
      0.20114194840659125,
      0.20114896489161813,
      0.2011575027921406,
      0.20116760492000063,
      0.20117937023759125,
      0.20119286545566875,
      0.20120822863169616,
      0.20122555378806278,
      0.20124502837001307,
      0.20126678468445458,
      0.20129107541441418,
      0.20131808703541085,
      0.20134816111845646,
      0.20138156294368778,
      0.20141875996870717,
      0.20146013606980048,
      0.20150634357041217,
      0.2015579511873635,
      0.20161589457435986,
      0.20168104257567535
    ],
    "sidon_var": [
      0,
      3,
      6,
      32,
      36,
      40,
      47,
      48,
      49
    ],
    "sidon_greedy": [
      0,
      1,
      2,
      4,
      7,
      12,
      20,
      29,
      38
    ],
    "predicted_scale": 0.0023354066424128624
  },
  "100": {
    "local_var": [
      0.10040990029388373,
      0.10040183071751466,
      0.10039422505866896,
      0.10038705313626546,
      0.1003802798122467,
      0.10037388089268702,
      0.10036782741663093,
      0.10036209980959723,
      0.100356673984807,
      0.1003515339746725,
      0.10034665958602133,
      0.10034203769812593,
      0.10033765126304212,
      0.10033348942949236,
      0.10032953771714803,
      0.1003257871005188,
      0.10032222521597538,
      0.10031884451953288,
      0.10031563440894349,
      0.10031258855211124,
      0.10030969782568369,
      0.10030695689662615,
      0.1003043578940843,
      0.10030189631480274,
      0.10029956535787787,
      0.1002973612145104,
      0.10029527800621163,
      0.10029331250957864,
      0.10029145964644194,
      0.10028971669062708,
      0.10028807926603467,
      0.1002865450724608,
      0.10028511035499199,
      0.1002837731815193,
      0.10028253032858897,
      0.10028138022006379,
      0.10028032013310588,
      0.1002793487628437,
      0.10027846384287246,
      0.10027766432084777,
      0.10027694835143132,
      0.10027631511077378,
      0.10027576314634919,
      0.10027529184425293,
      0.10027490012342566,
      0.10027458756620107,
      0.10027435344721955,
      0.1002741975357045,
      0.10027411945202672,
      0.10027411914701743,
      0.10027411914701741,
      0.1002741194520268,
      0.10027419753570449,
      0.10027435344721962,
      0.1002745875662011,
      0.10027490012342559,
      0.10027529184425296,
      0.10027576314634919,
      0.10027631511077377,
      0.10027694835143133,
      0.10027766432084775,
      0.10027846384287244,
      0.10027934876284367,
      0.1002803201331059,
      0.10028138022006378,
      0.10028253032858903,
      0.1002837731815193,
      0.10028511035499199,
      0.10028654507246086,
      0.10028807926603468,
      0.10028971669062707,
      0.10029145964644197,
      0.10029331250957875,
      0.10029527800621155,
      0.10029736121451038,
      0.10029956535787787,
      0.10030189631480278,
      0.10030435789408428,
      0.10030695689662604,
      0.10030969782568372,
      0.1003125885521112,
      0.10031563440894359,
      0.10031884451953291,
      0.10032222521597545,
      0.10032578710051883,
      0.10032953771714796,
      0.10033348942949231,
      0.10033765126304213,
      0.10034203769812591,
      0.10034665958602133,
      0.10035153397467259,
      0.10035667398480706,
      0.10036209980959715,
      0.10036782741663101,
      0.10037388089268709,
      0.10038027981224669,
      0.10038705313626547,
      0.10039422505866896,
      0.1004018307175147,
      0.10040990029388375
    ],
    "sidon_var": [
      0,
      2,
      4,
      17,
      24,
      31,
      57,
      87,
      90,
      93,
      98,
      99
    ],
    "sidon_greedy": [
      0,
      1,
      2,
      4,
      7,
      12,
      20,
      29,
      38,
      52,
      73,
      94
    ],
    "predicted_scale": 0.0005563165692879707
  }
}