{
  "N": 500,
  "sidon_size": 23,
  "sidon_set": [
    0,
    3,
    6,
    24,
    29,
    34,
    48,
    62,
    92,
    117,
    158,
    253,
    300,
    320,
    360,
    425,
    447,
    482,
    486,
    490,
    497,
    498,
    499
  ],
  "max_K": 92877.1,
  "predicted_scale": 2.1426164253621183e-05,
  "var_range": [
    0.020010724892631733,
    0.020016077786016512
  ],
  "eigval_range": [
    -93125.31669899829,
    -0.10000000018044375
  ],
  "condition_number": 1.0738218534457818e-06,
  "build_time_s": 7.057735919952393
}